id,name,age,gender,phone,email,region,education,course_category,class_name,class_start,class_end,major_type,worker_type,channel,gov_funded,enrolled_at,status,attendance_rate,counselor,employment_status,company,employed_at,track_until
280,Hong Gil Dong,,,010-9876-****,,,,IT,,,,,,인스타그램,,2026-07-23,대기,60,김상담,,,,
1,김서준,24,남,044-218-1960,gimyeongil@gmail.com,대전,대졸,IT,IT-1반,2026-05-04,2026-10-30,비전공자,재직자,인스타그램,국비지원,2026-05-06,재원,56,김상담,재직중,,,
2,오정식,26,남,061-379-4026,yejun35@daum.net,대구,대졸,IT,IT-1반,2026-05-04,2026-10-30,비전공자,실업자,지인추천,국비지원,2026-05-08,재원,55,이서연,재학중,,,
3,김지혜,30,여,016-407-8161,jeongsun95@hanmail.net,서울,대졸,IT,IT-1반,2026-05-04,2026-10-30,비전공자,실업자,네이버검색,국비지원,2026-05-05,재원,57,최민지,재학중,,,
4,김상현,29,남,052-131-6475,juweongim@naver.com,강원,대졸,IT,IT-1반,2026-05-04,2026-10-30,비전공자,실업자,지인추천,국비지원,2026-05-07,재원,57,이서연,재학중,,,
5,장명자,52,여,017-283-2764,yeongsunhong@gmail.com,서울,대졸,IT,IT-1반,2026-05-04,2026-10-30,비전공자,실업자,네이버검색,국비지원,2026-05-05,재원,72,김상담,재학중,,,
6,김성수,32,남,051-139-5376,igim@hanmail.net,서울,대학원졸,IT,IT-1반,2026-05-04,2026-10-30,비전공자,실업자,인스타그램,국비지원,2026-05-05,재원,58,이서연,재학중,,,
7,박정호,26,남,061-965-3287,gweonjia@hotmail.com,전남,대졸,IT,IT-1반,2026-05-04,2026-10-30,비전공자,실업자,인스타그램,국비지원,2026-05-07,재원,96,최민지,재학중,,,
8,안승현,37,남,032-669-7848,jangsangho@naver.com,서울,대졸,IT,IT-1반,2026-05-04,2026-10-30,비전공자,실업자,네이버검색,국비지원,2026-05-05,재원,63,정우성,재학중,,,
9,이수진,44,여,042-704-8281,jeongja89@hanmail.net,부산,대졸,IT,IT-1반,2026-05-04,2026-10-30,비전공자,재직자,인스타그램,국비지원,2026-05-04,재원,84,정우성,재직중,,,
10,권유진,23,여,064-709-5701,jiyeong43@gmail.com,대구,대졸,IT,IT-1반,2026-05-04,2026-10-30,비전공자,실업자,유튜브,국비지원,2026-05-04,재원,82,이서연,재학중,,,
11,최미경,48,여,070-7182-2782,miyeong96@hanmail.net,경남,대졸,IT,IT-1반,2026-05-04,2026-10-30,비전공자,재직자,인스타그램,국비지원,2026-05-09,재원,95,정우성,재직중,,,
12,권정수,36,남,019-465-7871,yeongsigi@hanmail.net,전남,대졸,IT,IT-1반,2026-05-04,2026-10-30,비전공자,재직자,인스타그램,국비지원,2026-05-05,재원,74,이서연,재직중,,,
13,김정식,42,남,031-310-5183,yeongmi38@hotmail.com,대전,대학중퇴,IT,IT-1반,2026-05-04,2026-10-30,비전공자,실업자,지인추천,국비지원,2026-05-08,재원,97,최민지,재학중,,,
14,양영환,26,남,044-763-1165,ui@gmail.com,경북,대졸,IT,IT-1반,2026-05-04,2026-10-30,비전공자,실업자,유튜브,국비지원,2026-05-08,재원,97,박준호,재학중,,,
15,나미숙,27,여,055-513-3387,jihuni@hanmail.net,서울,고졸,IT,IT-1반,2026-05-04,2026-10-30,비전공자,실업자,지인추천,국비지원,2026-05-07,재원,100,김상담,재학중,,,
16,김준서,42,남,010-1080-1326,zbag@gmail.com,경기,전문대졸,IT,IT-1반,2026-05-04,2026-10-30,비전공자,재직자,지인추천,국비지원,2026-05-04,재원,91,정우성,재직중,,,
17,김영숙,46,여,062-468-7234,hyeonjeongcoe@gmail.com,서울,대졸,IT,IT-1반,2026-05-04,2026-10-30,비전공자,실업자,네이버검색,자비,2026-05-07,재원,58,김상담,재학중,,,
18,김영환,43,남,064-782-0812,coeyeongsug@hanmail.net,서울,전문대졸,IT,IT-1반,2026-05-04,2026-10-30,비전공자,실업자,지인추천,국비지원,2026-05-06,재원,70,김상담,재학중,,,
19,노은경,37,여,011-909-1699,cunja35@hanmail.net,충북,대학원졸,IT,IT-1반,2026-05-04,2026-10-30,비전공자,실업자,HRD-Net,국비지원,2026-05-08,재원,86,최민지,재학중,,,
20,김재호,20,남,062-510-7991,bagmigyeong@hotmail.com,경남,전문대졸,IT,IT-1반,2026-05-04,2026-10-30,비전공자,실업자,지인추천,국비지원,2026-05-04,재원,90,최민지,재학중,,,
21,양중수,58,남,054-427-8498,jangboram@daum.net,대전,고졸,IT,IT-1반,2026-05-04,2026-10-30,비전공자,재직자,인스타그램,국비지원,2026-05-05,재원,88,이서연,재직중,,,
22,김민석,42,남,033-824-4935,yeongjago@dreamwiz.com,인천,대졸,IT,IT-1반,2026-05-04,2026-10-30,비전공자,실업자,인스타그램,자비,2026-05-04,재원,70,정우성,재학중,,,
23,백광수,38,남,017-640-0524,ogsuncoe@live.com,인천,대학원졸,IT,IT-1반,2026-05-04,2026-10-30,비전공자,실업자,유튜브,국비지원,2026-05-07,재원,80,이서연,재학중,,,
24,김현정,39,여,019-280-5982,tgim@nate.com,경남,대학원졸,IT,IT-1반,2026-05-04,2026-10-30,전공자,실업자,인스타그램,국비지원,2026-05-04,재원,77,김상담,재학중,,,
25,안준호,37,남,054-331-5869,caeweongim@hotmail.com,대구,대졸,IT,IT-1반,2026-05-04,2026-10-30,비전공자,실업자,유튜브,국비지원,2026-05-05,재원,90,박준호,재학중,,,
26,송중수,23,남,02-2563-4216,goyeongsu@dreamwiz.com,대전,전문대졸,IT,IT-1반,2026-05-04,2026-10-30,비전공자,실업자,인스타그램,국비지원,2026-05-05,재원,98,박준호,재학중,,,
27,류채원,33,여,044-036-5414,sunog68@nate.com,강원,고졸,IT,IT-1반,2026-05-04,2026-10-30,비전공자,실업자,인스타그램,자비,2026-05-04,재원,65,최민지,재학중,,,
28,김현지,24,여,042-940-1965,jinu81@live.com,인천,대학중퇴,IT,IT-1반,2026-05-04,2026-10-30,비전공자,실업자,인스타그램,국비지원,2026-05-04,재원,74,박준호,재학중,,,
29,김광수,23,남,061-088-3561,sujin14@naver.com,경기,대졸,IT,IT-1반,2026-05-04,2026-10-30,비전공자,실업자,오프라인설명회,국비지원,2026-05-05,재원,70,이서연,재학중,,,
30,이정식,30,남,010-2366-2994,acoe@naver.com,광주,대졸,IT,IT-1반,2026-05-04,2026-10-30,비전공자,실업자,유튜브,국비지원,2026-05-04,재원,65,김상담,재학중,,,
31,이은경,34,여,017-577-7387,areumi@nate.com,경기,대학중퇴,IT,IT-1반,2026-05-04,2026-10-30,비전공자,실업자,네이버검색,국비지원,2026-05-07,재원,80,박준호,재학중,,,
32,곽서현,36,여,052-332-0037,bagjiu@hanmail.net,경기,대학원졸,IT,IT-1반,2026-05-04,2026-10-30,비전공자,실업자,오프라인설명회,국비지원,2026-05-06,재원,71,이서연,재학중,,,
33,이영숙,30,여,041-016-3287,coejihye@daum.net,경기,대학원졸,IT,IT-1반,2026-05-04,2026-10-30,전공자,재직자,HRD-Net,국비지원,2026-05-08,재원,57,최민지,재직중,,,
34,송정남,26,남,010-9579-8687,ogsunbag@naver.com,경기,고졸,IT,IT-2반,2026-05-04,2026-10-30,비전공자,실업자,네이버검색,국비지원,2026-05-08,재원,62,박준호,재학중,,,
35,홍수빈,29,여,064-773-4714,yeonghwani@daum.net,인천,전문대졸,IT,IT-2반,2026-05-04,2026-10-30,비전공자,실업자,네이버검색,국비지원,2026-05-06,재원,66,정우성,재학중,,,
36,김정자,26,여,019-316-6587,agim@live.com,경기,대졸,IT,IT-2반,2026-05-04,2026-10-30,비전공자,실업자,지인추천,국비지원,2026-05-04,재원,68,정우성,재학중,,,
37,최정자,22,여,011-670-5466,myeongsugi@dreamwiz.com,서울,대졸,IT,IT-2반,2026-05-04,2026-10-30,비전공자,실업자,인스타그램,자비,2026-05-09,재원,70,박준호,재학중,,,
38,이정수,27,남,055-272-9806,gimjihun@dreamwiz.com,경남,대졸,IT,IT-2반,2026-05-04,2026-10-30,비전공자,실업자,지인추천,자비,2026-05-05,재원,91,이서연,재학중,,,
39,김순옥,20,여,062-556-4641,igim@gmail.com,전북,대학중퇴,IT,IT-2반,2026-05-04,2026-10-30,비전공자,실업자,HRD-Net,국비지원,2026-05-05,재원,99,정우성,재학중,,,
40,이은지,43,여,017-003-3092,seojunjang@hanmail.net,경기,대학중퇴,IT,IT-2반,2026-05-04,2026-10-30,비전공자,재직자,오프라인설명회,국비지원,2026-05-05,재원,83,정우성,재직중,,,
41,김아름,25,여,016-912-4190,seoyeong66@hanmail.net,대전,대졸,IT,IT-2반,2026-05-04,2026-10-30,비전공자,실업자,네이버검색,국비지원,2026-05-08,재원,88,최민지,재학중,,,
42,한재현,27,남,033-491-9058,ejang@nate.com,서울,전문대졸,IT,IT-2반,2026-05-04,2026-10-30,비전공자,실업자,인스타그램,국비지원,2026-05-04,재원,99,이서연,재학중,,,
43,이영식,34,남,061-572-6284,ubag@naver.com,경기,전문대졸,IT,IT-2반,2026-05-04,2026-10-30,비전공자,재직자,HRD-Net,국비지원,2026-05-07,재원,99,김상담,재직중,,,
44,김현숙,32,여,051-737-9965,bagjeongsig@dreamwiz.com,충남,대학원졸,IT,IT-2반,2026-05-04,2026-10-30,비전공자,실업자,유튜브,국비지원,2026-05-06,재원,93,이서연,재학중,,,
45,안순자,32,여,016-480-8313,wbag@hanmail.net,경기,대졸,IT,IT-2반,2026-05-04,2026-10-30,비전공자,실업자,인스타그램,국비지원,2026-05-07,재원,63,정우성,재학중,,,
46,윤영식,20,남,02-1436-3495,wcoe@live.com,서울,대졸,IT,IT-2반,2026-05-04,2026-10-30,비전공자,실업자,인스타그램,국비지원,2026-05-08,재원,75,이서연,재학중,,,
47,최순자,33,여,062-444-3135,seohaeun@hotmail.com,서울,고졸,IT,IT-2반,2026-05-04,2026-10-30,전공자,실업자,지인추천,자비,2026-05-07,재원,77,이서연,재학중,,,
48,서서준,20,남,011-894-1343,seonghun08@hotmail.com,경북,전문대졸,IT,IT-2반,2026-05-04,2026-10-30,전공자,실업자,인스타그램,국비지원,2026-05-09,재원,97,김상담,재학중,,,
49,우영철,25,남,019-271-0947,lbag@gmail.com,부산,대학원졸,IT,IT-2반,2026-05-04,2026-10-30,비전공자,실업자,HRD-Net,국비지원,2026-05-06,재원,74,김상담,재학중,,,
50,문민석,32,남,032-671-9022,byeongceol31@live.com,경기,대졸,IT,IT-2반,2026-05-04,2026-10-30,전공자,실업자,유튜브,국비지원,2026-05-08,재원,61,박준호,재학중,,,
51,안상현,31,남,064-767-7496,seoyeon09@daum.net,인천,대졸,IT,IT-2반,2026-05-04,2026-10-30,전공자,실업자,유튜브,국비지원,2026-05-08,재원,81,최민지,재학중,,,
52,김상철,34,남,018-123-2812,iyeongja@dreamwiz.com,대구,대졸,IT,IT-2반,2026-05-04,2026-10-30,비전공자,실업자,오프라인설명회,국비지원,2026-05-06,재원,89,최민지,재학중,,,
53,김정자,30,여,019-713-4936,jeongsunja@naver.com,충남,대학중퇴,IT,IT-2반,2026-05-04,2026-10-30,전공자,실업자,HRD-Net,국비지원,2026-05-09,재원,84,정우성,재학중,,,
54,김민지,45,여,052-994-7174,gno@dreamwiz.com,경기,대졸,IT,IT-2반,2026-05-04,2026-10-30,비전공자,실업자,네이버검색,국비지원,2026-05-07,재원,72,정우성,재학중,,,
55,최중수,33,남,070-5940-1399,eomyeongsug@naver.com,경기,대졸,IT,IT-2반,2026-05-04,2026-10-30,비전공자,실업자,유튜브,국비지원,2026-05-05,재원,56,김상담,재학중,,,
56,권보람,38,여,064-774-2967,bagjungsu@nate.com,경기,대졸,IT,IT-2반,2026-05-04,2026-10-30,비전공자,실업자,오프라인설명회,국비지원,2026-05-09,재원,77,최민지,재학중,,,
57,고순옥,26,여,019-746-8071,yeongceol16@gmail.com,경기,대졸,IT,IT-2반,2026-05-04,2026-10-30,비전공자,실업자,유튜브,국비지원,2026-05-05,재원,85,박준호,재학중,,,
58,정영순,31,여,043-859-7703,minji47@dreamwiz.com,서울,고졸,IT,IT-2반,2026-05-04,2026-10-30,비전공자,실업자,네이버검색,자비,2026-05-05,재원,90,박준호,재학중,,,
59,우우진,20,남,044-248-0861,hyejinbaeg@dreamwiz.com,인천,대졸,IT,IT-2반,2026-05-04,2026-10-30,비전공자,실업자,인스타그램,국비지원,2026-05-07,재원,85,김상담,재학중,,,
60,윤민재,21,남,019-484-6773,ycoe@hanmail.net,서울,대학중퇴,IT,IT-2반,2026-05-04,2026-10-30,비전공자,실업자,인스타그램,국비지원,2026-05-04,재원,90,최민지,재학중,,,
61,박중수,34,남,032-465-8404,jeongja97@hotmail.com,서울,대졸,IT,IT-2반,2026-05-04,2026-10-30,비전공자,실업자,지인추천,국비지원,2026-05-07,재원,61,이서연,재학중,,,
62,박성진,25,남,010-6753-3963,vgim@dreamwiz.com,인천,전문대졸,IT,IT-2반,2026-05-04,2026-10-30,비전공자,실업자,유튜브,국비지원,2026-05-04,재원,57,이서연,재학중,,,
63,송영숙,42,여,018-270-2895,yangjinho@dreamwiz.com,대구,대학원졸,IT,IT-2반,2026-05-04,2026-10-30,비전공자,실업자,유튜브,국비지원,2026-05-09,재원,67,최민지,재학중,,,
64,김준호,28,남,041-174-5961,jimin86@nate.com,강원,고졸,IT,IT-2반,2026-05-04,2026-10-30,전공자,실업자,네이버검색,국비지원,2026-05-09,재원,91,박준호,재학중,,,
65,손예지,32,여,010-0913-4316,gweonyeweon@daum.net,경북,대졸,IT,IT-2반,2026-05-04,2026-10-30,비전공자,재직자,인스타그램,국비지원,2026-05-09,재원,82,박준호,재직중,,,
66,한하윤,58,여,031-504-5562,mijeongcoe@hotmail.com,인천,고졸,IT,IT-2반,2026-05-04,2026-10-30,비전공자,재직자,HRD-Net,국비지원,2026-05-05,재원,66,최민지,재직중,,,
67,김채원,53,여,016-379-2374,agim@dreamwiz.com,부산,대졸,IT,IT-3반,2026-06-02,2026-11-27,전공자,실업자,네이버검색,국비지원,2026-06-03,재원,97,김상담,재학중,,,
68,장민재,32,남,062-594-6474,hyejingo@daum.net,강원,대졸,IT,IT-3반,2026-06-02,2026-11-27,비전공자,실업자,네이버검색,국비지원,2026-06-07,재원,80,정우성,재학중,,,
69,최영환,21,남,019-406-4090,sjeon@hanmail.net,서울,대졸,IT,IT-3반,2026-06-02,2026-11-27,비전공자,실업자,유튜브,자비,2026-06-06,재원,68,박준호,재학중,,,
70,이재현,55,남,016-421-0470,yejin14@nate.com,서울,대학원졸,IT,IT-3반,2026-06-02,2026-11-27,비전공자,실업자,네이버검색,국비지원,2026-06-05,재원,90,김상담,재학중,,,
71,김미정,23,여,010-5884-2474,eunju71@hotmail.com,부산,전문대졸,IT,IT-3반,2026-06-02,2026-11-27,비전공자,재직자,네이버검색,국비지원,2026-06-02,재원,81,최민지,재직중,,,
72,김정숙,26,여,018-685-1604,bagyeongsug@naver.com,경북,대졸,IT,IT-3반,2026-06-02,2026-11-27,비전공자,실업자,HRD-Net,국비지원,2026-06-06,재원,81,박준호,재학중,,,
73,류현정,38,여,033-370-9859,sunjayun@dreamwiz.com,인천,대졸,IT,IT-3반,2026-06-02,2026-11-27,비전공자,실업자,지인추천,국비지원,2026-06-04,재원,76,정우성,재학중,,,
74,이영순,47,여,041-004-7113,junhyeogi@live.com,인천,전문대졸,IT,IT-3반,2026-06-02,2026-11-27,비전공자,실업자,인스타그램,국비지원,2026-06-04,재원,100,최민지,재학중,,,
75,서춘자,55,여,017-179-6405,jinhoha@nate.com,경남,고졸,IT,IT-3반,2026-06-02,2026-11-27,비전공자,실업자,네이버검색,국비지원,2026-06-07,재원,83,김상담,재학중,,,
76,임유진,24,여,017-506-4317,jangsunog@gmail.com,서울,대졸,IT,IT-3반,2026-06-02,2026-11-27,비전공자,재직자,유튜브,국비지원,2026-06-03,재원,60,박준호,재직중,,,
77,이혜진,35,여,011-318-3933,eungyeong90@naver.com,충남,고졸,IT,IT-3반,2026-06-02,2026-11-27,전공자,실업자,유튜브,자비,2026-06-07,재원,69,김상담,재학중,,,
78,김미정,23,여,051-210-2053,gyeongsu40@hotmail.com,경기,대졸,IT,IT-3반,2026-06-02,2026-11-27,비전공자,실업자,인스타그램,자비,2026-06-07,재원,73,박준호,재학중,,,
79,박지아,38,여,063-758-9178,hayungim@naver.com,대구,전문대졸,IT,IT-3반,2026-06-02,2026-11-27,전공자,실업자,유튜브,국비지원,2026-06-03,재원,98,이서연,재학중,,,
80,차명숙,28,여,063-661-7711,sumin12@naver.com,경기,대졸,IT,IT-3반,2026-06-02,2026-11-27,비전공자,실업자,지인추천,국비지원,2026-06-03,재원,89,이서연,재학중,,,
81,최정식,49,남,055-984-7896,ansangho@hanmail.net,부산,대졸,IT,IT-3반,2026-06-02,2026-11-27,비전공자,실업자,HRD-Net,국비지원,2026-06-04,재원,79,최민지,재학중,,,
82,손승현,29,남,062-661-5654,haeun71@daum.net,경남,전문대졸,IT,IT-3반,2026-06-02,2026-11-27,비전공자,실업자,유튜브,국비지원,2026-06-06,재원,91,김상담,재학중,,,
83,김미숙,27,여,070-5280-9885,ijiyeon@live.com,부산,대졸,IT,IT-3반,2026-06-02,2026-11-27,비전공자,실업자,유튜브,국비지원,2026-06-04,재원,97,이서연,재학중,,,
84,오현우,34,남,016-451-9832,ggim@nate.com,서울,대졸,IT,IT-3반,2026-06-02,2026-11-27,전공자,실업자,HRD-Net,국비지원,2026-06-07,재원,81,이서연,재학중,,,
85,이정훈,51,남,011-368-9980,doyun44@nate.com,인천,대학중퇴,IT,IT-3반,2026-06-02,2026-11-27,비전공자,재직자,네이버검색,자비,2026-06-06,재원,85,박준호,재직중,,,
86,김민서,44,여,018-612-0183,vi@hotmail.com,대전,전문대졸,IT,IT-3반,2026-06-02,2026-11-27,비전공자,실업자,유튜브,국비지원,2026-06-05,재원,90,박준호,재학중,,,
87,오종수,23,남,011-910-2290,iyeongmi@dreamwiz.com,경기,대졸,IT,IT-3반,2026-06-02,2026-11-27,비전공자,실업자,지인추천,자비,2026-06-02,재원,78,김상담,재학중,,,
88,이상현,57,남,064-715-6149,tbag@gmail.com,경기,대졸,IT,IT-3반,2026-06-02,2026-11-27,비전공자,실업자,유튜브,국비지원,2026-06-06,재원,99,박준호,재학중,,,
89,나명숙,49,여,043-432-4451,bagjinu@hotmail.com,경남,고졸,IT,IT-3반,2026-06-02,2026-11-27,비전공자,재직자,지인추천,국비지원,2026-06-02,재원,78,정우성,재직중,,,
90,한예진,33,여,018-516-0607,munseoyeong@live.com,부산,대학중퇴,IT,IT-3반,2026-06-02,2026-11-27,비전공자,실업자,오프라인설명회,국비지원,2026-06-07,재원,99,박준호,재학중,,,
91,이민석,43,남,02-5297-5161,jinui@daum.net,경남,대졸,IT,IT-3반,2026-06-02,2026-11-27,비전공자,실업자,유튜브,국비지원,2026-06-03,재원,72,이서연,재학중,,,
92,이성현,26,남,053-218-1883,jeonghun23@daum.net,부산,대졸,IT,IT-3반,2026-06-02,2026-11-27,전공자,실업자,HRD-Net,국비지원,2026-06-05,재원,63,정우성,재학중,,,
93,김예준,26,남,017-127-7997,jia52@dreamwiz.com,강원,전문대졸,IT,IT-3반,2026-06-02,2026-11-27,비전공자,재직자,HRD-Net,국비지원,2026-06-06,재원,72,이서연,재직중,,,
94,박성민,20,남,051-905-8147,xgim@naver.com,서울,대졸,IT,IT-3반,2026-06-02,2026-11-27,비전공자,실업자,지인추천,국비지원,2026-06-03,재원,71,김상담,재학중,,,
95,문준혁,22,남,016-986-7980,kbaeg@hanmail.net,경기,대졸,IT,IT-3반,2026-06-02,2026-11-27,비전공자,실업자,인스타그램,국비지원,2026-06-06,재원,94,김상담,재학중,,,
96,박민서,35,여,031-715-1820,yeweonjin@hotmail.com,충북,대졸,IT,IT-3반,2026-06-02,2026-11-27,전공자,실업자,유튜브,국비지원,2026-06-02,재원,60,박준호,재학중,,,
97,허성훈,38,남,053-905-1518,ui@hotmail.com,인천,전문대졸,IT,IT-3반,2026-06-02,2026-11-27,비전공자,재직자,지인추천,국비지원,2026-06-04,재원,93,최민지,재직중,,,
98,최민수,57,남,054-462-9148,vyun@hotmail.com,대전,전문대졸,IT,IT-3반,2026-06-02,2026-11-27,비전공자,실업자,네이버검색,국비지원,2026-06-02,재원,84,최민지,재학중,,,
99,류지아,28,여,018-816-8505,seonghun35@dreamwiz.com,경기,전문대졸,IT,IT-3반,2026-06-02,2026-11-27,비전공자,실업자,인스타그램,자비,2026-06-04,재원,60,최민지,재학중,,,
100,엄민재,58,남,052-188-8059,seonyeonggim@hotmail.com,서울,대학원졸,회계,회계-1반,2026-05-12,2026-09-11,비전공자,실업자,유튜브,국비지원,2026-05-14,재원,97,최민지,재학중,,,
101,황준서,31,남,042-706-5379,yujin73@hanmail.net,인천,전문대졸,회계,회계-1반,2026-05-12,2026-09-11,비전공자,실업자,네이버검색,국비지원,2026-05-16,재원,90,박준호,재학중,,,
102,송영수,36,남,043-597-7468,mju@hotmail.com,충북,대학원졸,회계,회계-1반,2026-05-12,2026-09-11,비전공자,실업자,유튜브,국비지원,2026-05-16,재원,56,정우성,재학중,,,
103,김예지,44,여,054-818-1412,hyeonu82@live.com,경북,대졸,회계,회계-1반,2026-05-12,2026-09-11,비전공자,재직자,인스타그램,국비지원,2026-05-14,재원,59,이서연,재직중,,,
104,백준서,36,남,054-060-6853,xji@hanmail.net,경기,전문대졸,회계,회계-1반,2026-05-12,2026-09-11,비전공자,재직자,네이버검색,자비,2026-05-16,재원,93,김상담,재직중,,,
105,남준영,31,남,017-522-0472,abag@daum.net,서울,대졸,회계,회계-1반,2026-05-12,2026-09-11,비전공자,재직자,지인추천,국비지원,2026-05-16,재원,87,김상담,재직중,,,
106,김민서,49,여,070-9861-4341,gimsunog@dreamwiz.com,경기,대졸,회계,회계-1반,2026-05-12,2026-09-11,전공자,실업자,네이버검색,국비지원,2026-05-14,재원,55,이서연,재학중,,,
107,홍예진,44,여,010-0893-2460,yeongjin62@daum.net,경기,고졸,회계,회계-1반,2026-05-12,2026-09-11,비전공자,실업자,인스타그램,국비지원,2026-05-13,재원,100,이서연,재학중,,,
108,이현정,30,여,010-8880-6706,yeongceol05@daum.net,경기,고졸,회계,회계-1반,2026-05-12,2026-09-11,비전공자,재직자,지인추천,국비지원,2026-05-17,재원,95,최민지,재직중,,,
109,서은정,52,여,011-520-5852,ena@hotmail.com,울산,대졸,회계,회계-1반,2026-05-12,2026-09-11,비전공자,재직자,HRD-Net,국비지원,2026-05-12,재원,61,이서연,재직중,,,
110,김지영,34,여,062-043-0305,misug87@naver.com,대전,전문대졸,회계,회계-1반,2026-05-12,2026-09-11,비전공자,실업자,인스타그램,국비지원,2026-05-16,재원,88,정우성,재학중,,,
111,윤성민,32,남,031-541-5667,li@dreamwiz.com,서울,고졸,회계,회계-1반,2026-05-12,2026-09-11,비전공자,실업자,유튜브,자비,2026-05-14,재원,96,김상담,재학중,,,
112,이주원,49,남,051-161-6928,jeongsu15@naver.com,대전,대졸,회계,회계-1반,2026-05-12,2026-09-11,비전공자,실업자,지인추천,국비지원,2026-05-17,재원,94,박준호,재학중,,,
113,조영자,44,여,019-757-0596,sunog01@live.com,울산,대졸,회계,회계-1반,2026-05-12,2026-09-11,비전공자,재직자,인스타그램,국비지원,2026-05-12,재원,57,김상담,재직중,,,
114,송정순,41,여,02-2970-2135,junyeong90@hotmail.com,부산,대졸,회계,회계-1반,2026-05-12,2026-09-11,비전공자,실업자,지인추천,자비,2026-05-12,재원,57,최민지,재학중,,,
115,하성호,40,남,032-928-5654,hyeonsuggim@hotmail.com,경기,대학중퇴,회계,회계-1반,2026-05-12,2026-09-11,비전공자,재직자,오프라인설명회,국비지원,2026-05-15,재원,96,이서연,재직중,,,
116,이영호,58,남,051-473-9473,gimminjae@hotmail.com,인천,전문대졸,회계,회계-1반,2026-05-12,2026-09-11,비전공자,재직자,네이버검색,국비지원,2026-05-15,재원,76,정우성,재직중,,,
117,박도현,35,남,018-551-8844,yeeunnam@hotmail.com,서울,대졸,회계,회계-1반,2026-05-12,2026-09-11,비전공자,실업자,유튜브,국비지원,2026-05-17,재원,93,이서연,재학중,,,
118,박미영,35,여,043-237-0589,gyeongsug82@daum.net,경기,대졸,회계,회계-1반,2026-05-12,2026-09-11,비전공자,재직자,인스타그램,국비지원,2026-05-17,재원,60,박준호,재직중,,,
119,이정희,58,여,063-866-9125,bagyeongsun@nate.com,서울,대졸,회계,회계-1반,2026-05-12,2026-09-11,비전공자,실업자,인스타그램,국비지원,2026-05-14,재원,68,박준호,재학중,,,
120,류유진,34,여,011-226-8018,jaehogim@hanmail.net,충북,고졸,회계,회계-1반,2026-05-12,2026-09-11,비전공자,재직자,HRD-Net,자비,2026-05-13,재원,57,박준호,재직중,,,
121,노지후,39,남,032-438-4249,bagseongho@hotmail.com,울산,전문대졸,회계,회계-1반,2026-05-12,2026-09-11,비전공자,실업자,네이버검색,국비지원,2026-05-13,재원,70,최민지,재학중,,,
122,강하윤,33,여,053-900-1094,yunseoi@gmail.com,경기,대학중퇴,회계,회계-1반,2026-05-12,2026-09-11,비전공자,실업자,HRD-Net,국비지원,2026-05-15,재원,91,최민지,재학중,,,
123,강수빈,46,여,052-736-4710,jinhobag@hanmail.net,경남,대학중퇴,회계,회계-1반,2026-05-12,2026-09-11,비전공자,실업자,인스타그램,국비지원,2026-05-15,재원,96,최민지,재학중,,,
124,김지혜,48,여,053-562-5881,yeongjin14@dreamwiz.com,충남,전문대졸,회계,회계-1반,2026-05-12,2026-09-11,비전공자,실업자,네이버검색,자비,2026-05-12,재원,64,최민지,재학중,,,
125,김성민,55,남,055-963-2595,yunseobag@dreamwiz.com,경북,대졸,회계,회계-1반,2026-05-12,2026-09-11,비전공자,실업자,네이버검색,국비지원,2026-05-13,재원,60,박준호,재학중,,,
126,이경수,55,남,055-873-3950,iseonyeong@dreamwiz.com,울산,고졸,회계,회계-1반,2026-05-12,2026-09-11,비전공자,재직자,HRD-Net,국비지원,2026-05-12,재원,63,최민지,재직중,,,
127,김미숙,33,여,041-456-5060,jongsui@live.com,충북,대졸,회계,회계-1반,2026-05-12,2026-09-11,비전공자,실업자,지인추천,국비지원,2026-05-12,재원,73,이서연,재학중,,,
128,권수빈,39,여,016-912-1655,yujin39@live.com,경기,고졸,회계,회계-1반,2026-05-12,2026-09-11,비전공자,재직자,지인추천,국비지원,2026-05-13,재원,87,정우성,재직중,,,
129,김민수,39,남,053-787-2982,caeweon52@live.com,경기,대졸,회계,회계-1반,2026-05-12,2026-09-11,비전공자,실업자,유튜브,국비지원,2026-05-14,재원,78,김상담,재학중,,,
130,서성민,36,남,053-888-7947,iyeongsug@live.com,경남,전문대졸,회계,회계-1반,2026-05-12,2026-09-11,전공자,재직자,HRD-Net,국비지원,2026-05-15,재원,97,김상담,재직중,,,
131,안지민,42,여,019-097-4993,coeseongho@live.com,충북,대졸,회계,회계-1반,2026-05-12,2026-09-11,비전공자,재직자,지인추천,국비지원,2026-05-14,재원,63,김상담,재직중,,,
132,장경희,33,여,019-130-7562,ahan@dreamwiz.com,전북,전문대졸,회계,회계-1반,2026-05-12,2026-09-11,비전공자,재직자,네이버검색,자비,2026-05-13,재원,85,박준호,재직중,,,
133,서도윤,30,남,041-838-5786,haeun78@nate.com,충남,전문대졸,회계,회계-1반,2026-05-12,2026-09-11,비전공자,실업자,네이버검색,자비,2026-05-13,재원,83,최민지,재학중,,,
134,장채원,31,여,018-497-3348,yeongsig44@hanmail.net,경북,대졸,기계,기계-1반,2026-05-04,2026-10-30,비전공자,실업자,유튜브,국비지원,2026-05-07,재원,93,이서연,재학중,,,
135,박예지,29,여,010-4419-8665,jaehyeoni@daum.net,경기,대졸,기계,기계-1반,2026-05-04,2026-10-30,비전공자,실업자,유튜브,국비지원,2026-05-04,재원,57,박준호,재학중,,,
136,박선영,32,여,063-338-4842,gangseohyeon@hanmail.net,경기,대학중퇴,기계,기계-1반,2026-05-04,2026-10-30,비전공자,실업자,오프라인설명회,국비지원,2026-05-04,재원,93,최민지,재학중,,,
137,백상현,51,남,044-016-5712,cahyeonju@hotmail.com,경기,대학원졸,기계,기계-1반,2026-05-04,2026-10-30,전공자,재직자,인스타그램,국비지원,2026-05-05,재원,78,박준호,재직중,,,
138,심춘자,31,여,063-345-4019,mijeongo@gmail.com,경기,대졸,기계,기계-1반,2026-05-04,2026-10-30,비전공자,실업자,인스타그램,국비지원,2026-05-08,재원,86,정우성,재학중,,,
139,김춘자,28,여,042-067-2400,seoyeon15@naver.com,대구,전문대졸,기계,기계-1반,2026-05-04,2026-10-30,비전공자,실업자,유튜브,자비,2026-05-04,재원,67,김상담,재학중,,,
140,윤영진,34,남,041-874-3152,tyun@hotmail.com,경남,대학중퇴,기계,기계-1반,2026-05-04,2026-10-30,비전공자,실업자,오프라인설명회,국비지원,2026-05-07,재원,100,김상담,재학중,,,
141,이수진,45,여,018-329-6685,isangceol@hotmail.com,울산,대졸,기계,기계-1반,2026-05-04,2026-10-30,전공자,실업자,인스타그램,국비지원,2026-05-05,재원,86,김상담,재학중,,,
142,심경숙,37,여,055-374-5499,ijongsu@hanmail.net,서울,대학중퇴,기계,기계-1반,2026-05-04,2026-10-30,전공자,실업자,네이버검색,국비지원,2026-05-06,재원,85,정우성,재학중,,,
143,김수진,30,여,055-841-4593,haeunbag@dreamwiz.com,부산,대졸,기계,기계-1반,2026-05-04,2026-10-30,비전공자,실업자,네이버검색,자비,2026-05-08,재원,90,정우성,재학중,,,
144,조승현,21,남,010-7833-9187,minjun91@gmail.com,충북,대졸,기계,기계-1반,2026-05-04,2026-10-30,비전공자,실업자,인스타그램,자비,2026-05-05,재원,69,박준호,재학중,,,
145,배서영,32,여,010-2258-7139,ggim@dreamwiz.com,부산,대졸,그래픽·멀티미디어,그래픽멀티-1반,2026-06-02,2026-11-27,전공자,실업자,네이버검색,국비지원,2026-06-04,재원,87,이서연,재학중,,,
146,박영일,58,남,062-908-7406,eunji39@daum.net,경기,대학원졸,그래픽·멀티미디어,그래픽멀티-1반,2026-06-02,2026-11-27,전공자,재직자,HRD-Net,국비지원,2026-06-06,재원,96,정우성,재직중,,,
147,이명자,46,여,031-170-4622,yi@dreamwiz.com,부산,고졸,그래픽·멀티미디어,그래픽멀티-1반,2026-06-02,2026-11-27,비전공자,실업자,지인추천,국비지원,2026-06-06,재원,74,최민지,재학중,,,
148,백성훈,45,남,018-825-1286,yejingim@gmail.com,서울,고졸,그래픽·멀티미디어,그래픽멀티-1반,2026-06-02,2026-11-27,전공자,실업자,지인추천,국비지원,2026-06-07,재원,68,박준호,재학중,,,
149,구영길,40,남,070-8686-3375,yejunsim@daum.net,대전,대학중퇴,그래픽·멀티미디어,그래픽멀티-1반,2026-06-02,2026-11-27,비전공자,실업자,인스타그램,국비지원,2026-06-07,재원,90,김상담,재학중,,,
150,장은영,37,여,02-3311-9079,gimdonghyeon@dreamwiz.com,경기,고졸,그래픽·멀티미디어,그래픽멀티-1반,2026-06-02,2026-11-27,전공자,실업자,오프라인설명회,자비,2026-06-02,재원,81,이서연,재학중,,,
151,김준호,40,남,031-284-3959,yeongil28@hanmail.net,서울,전문대졸,그래픽·멀티미디어,그래픽멀티-1반,2026-06-02,2026-11-27,비전공자,실업자,지인추천,자비,2026-06-06,재원,86,김상담,재학중,,,
152,이영호,49,남,011-268-7056,yeonghyi62@naver.com,경남,전문대졸,그래픽·멀티미디어,그래픽멀티-1반,2026-06-02,2026-11-27,비전공자,실업자,인스타그램,국비지원,2026-06-06,재원,96,최민지,재학중,,,
153,권예은,47,여,044-427-0866,junyeonggim@nate.com,서울,전문대졸,그래픽·멀티미디어,그래픽멀티-1반,2026-06-02,2026-11-27,비전공자,실업자,네이버검색,국비지원,2026-06-02,재원,58,정우성,재학중,,,
154,허준혁,24,남,032-830-4699,yangseungmin@hanmail.net,경기,대졸,그래픽·멀티미디어,그래픽멀티-1반,2026-06-02,2026-11-27,비전공자,실업자,HRD-Net,국비지원,2026-06-04,재원,94,김상담,재학중,,,
155,문성진,43,남,02-3317-3936,minjihwang@live.com,울산,전문대졸,그래픽·멀티미디어,그래픽멀티-1반,2026-06-02,2026-11-27,비전공자,실업자,HRD-Net,국비지원,2026-06-05,재원,87,최민지,재학중,,,
156,윤성수,41,남,054-877-1753,jeongnam09@hanmail.net,울산,대졸,그래픽·멀티미디어,그래픽멀티-1반,2026-06-02,2026-11-27,전공자,재직자,HRD-Net,국비지원,2026-06-03,재원,94,박준호,재직중,,,
157,김영철,39,남,011-964-2353,pcoe@dreamwiz.com,인천,대졸,그래픽·멀티미디어,그래픽멀티-1반,2026-06-02,2026-11-27,비전공자,실업자,지인추천,국비지원,2026-06-06,재원,85,김상담,재학중,,,
158,노순옥,46,여,063-772-5228,igim@gmail.com,인천,대졸,그래픽·멀티미디어,그래픽멀티-1반,2026-06-02,2026-11-27,비전공자,실업자,유튜브,국비지원,2026-06-02,재원,85,박준호,재학중,,,
159,홍도현,50,남,018-006-2312,gimhyeonjun@gmail.com,서울,대졸,그래픽·멀티미디어,그래픽멀티-1반,2026-06-02,2026-11-27,비전공자,실업자,HRD-Net,국비지원,2026-06-06,재원,98,이서연,재학중,,,
160,장우진,27,남,063-700-8860,bagyejun@naver.com,서울,대졸,그래픽·멀티미디어,그래픽멀티-1반,2026-06-02,2026-11-27,비전공자,실업자,네이버검색,국비지원,2026-06-07,재원,87,정우성,재학중,,,
161,송정숙,23,여,042-118-2339,eunji46@daum.net,대구,대졸,그래픽·멀티미디어,그래픽멀티-1반,2026-06-02,2026-11-27,비전공자,실업자,오프라인설명회,국비지원,2026-06-07,재원,79,박준호,재학중,,,
162,이영호,41,남,019-341-0166,dcoe@gmail.com,인천,대졸,그래픽·멀티미디어,그래픽멀티-1반,2026-06-02,2026-11-27,비전공자,실업자,유튜브,자비,2026-06-06,재원,71,정우성,재학중,,,
163,김지현,37,여,017-591-8033,ei@naver.com,인천,전문대졸,그래픽·멀티미디어,그래픽멀티-1반,2026-06-02,2026-11-27,비전공자,재직자,네이버검색,국비지원,2026-06-03,재원,68,최민지,재직중,,,
164,최경희,37,여,053-039-2614,seoyeoncoe@live.com,서울,대졸,그래픽·멀티미디어,그래픽멀티-1반,2026-06-02,2026-11-27,비전공자,실업자,HRD-Net,국비지원,2026-06-06,재원,77,이서연,재학중,,,
165,박영미,25,여,070-2185-0163,ieungyeong@live.com,경기,대졸,그래픽·멀티미디어,그래픽멀티-1반,2026-06-02,2026-11-27,비전공자,재직자,지인추천,국비지원,2026-06-07,재원,89,박준호,재직중,,,
166,이은주,57,여,062-735-8662,ngim@naver.com,서울,고졸,그래픽·멀티미디어,그래픽멀티-1반,2026-06-02,2026-11-27,비전공자,재직자,네이버검색,국비지원,2026-06-06,재원,61,최민지,재직중,,,
167,오미경,28,여,041-626-5511,nojinho@naver.com,서울,대졸,그래픽·멀티미디어,그래픽멀티-1반,2026-06-02,2026-11-27,비전공자,실업자,네이버검색,자비,2026-06-02,재원,85,최민지,재학중,,,
168,김시우,40,남,010-8861-0158,coeeunseo@live.com,서울,고졸,그래픽·멀티미디어,그래픽멀티-1반,2026-06-02,2026-11-27,비전공자,실업자,유튜브,국비지원,2026-06-04,재원,57,이서연,재학중,,,
169,이지영,22,여,070-8398-2622,jaeho72@daum.net,경남,대졸,그래픽·멀티미디어,그래픽멀티-1반,2026-06-02,2026-11-27,비전공자,실업자,오프라인설명회,자비,2026-06-03,재원,73,김상담,재학중,,,
170,이성민,26,남,032-543-7993,tgim@gmail.com,경북,전문대졸,그래픽·멀티미디어,그래픽멀티-1반,2026-06-02,2026-11-27,비전공자,실업자,유튜브,국비지원,2026-06-06,재원,63,정우성,재학중,,,
171,이은정,41,여,053-756-9245,gyeongjagim@live.com,서울,대졸,그래픽·멀티미디어,그래픽멀티-1반,2026-06-02,2026-11-27,비전공자,실업자,인스타그램,국비지원,2026-06-02,재원,73,정우성,재학중,,,
172,이정수,45,남,063-935-6465,namsiu@hotmail.com,강원,대졸,그래픽·멀티미디어,그래픽멀티-1반,2026-06-02,2026-11-27,전공자,재직자,유튜브,국비지원,2026-06-07,재원,63,최민지,재직중,,,
173,최현정,36,여,062-374-1672,yeongjin26@live.com,경기,대졸,그래픽·멀티미디어,그래픽멀티-1반,2026-06-02,2026-11-27,비전공자,실업자,네이버검색,국비지원,2026-06-02,재원,91,김상담,재학중,,,
174,진예지,35,여,055-886-8058,gimyeongceol@nate.com,서울,고졸,그래픽·멀티미디어,그래픽멀티-1반,2026-06-02,2026-11-27,비전공자,실업자,네이버검색,국비지원,2026-06-07,재원,100,박준호,재학중,,,
175,강영호,43,남,017-656-1014,migyeongbag@hanmail.net,부산,전문대졸,그래픽·멀티미디어,그래픽멀티-1반,2026-06-02,2026-11-27,전공자,실업자,인스타그램,국비지원,2026-06-04,재원,93,박준호,재학중,,,
176,이지영,54,여,011-825-0714,fheo@daum.net,울산,대학중퇴,그래픽·멀티미디어,그래픽멀티-1반,2026-06-02,2026-11-27,비전공자,실업자,유튜브,국비지원,2026-06-05,재원,60,정우성,재학중,,,
177,서순자,24,여,053-738-7571,co@nate.com,전남,고졸,그래픽·멀티미디어,그래픽멀티-1반,2026-06-02,2026-11-27,비전공자,실업자,HRD-Net,국비지원,2026-06-04,재원,89,이서연,재학중,,,
178,김정식,48,남,02-5123-8282,boram73@live.com,서울,전문대졸,그래픽·멀티미디어,그래픽멀티-1반,2026-06-02,2026-11-27,비전공자,실업자,인스타그램,국비지원,2026-06-06,재원,58,최민지,재학중,,,
179,김재호,56,남,055-093-7966,hansiu@daum.net,서울,대졸,그래픽·멀티미디어,그래픽멀티-1반,2026-06-02,2026-11-27,비전공자,실업자,유튜브,국비지원,2026-06-05,재원,55,이서연,재학중,,,
180,안영철,21,남,054-537-1478,seonyeong96@daum.net,경북,고졸,IT,IT-0기(수료),2025-09-01,2026-02-27,비전공자,재직자,인스타그램,국비지원,2025-09-03,수료,84,최민지,취업완료,Naver Cloud,2026-07-23,2027-01-23
181,홍은정,37,여,018-499-1251,jaehogim@hotmail.com,서울,대학중퇴,IT,IT-0기(수료),2025-09-01,2026-02-27,전공자,실업자,오프라인설명회,국비지원,2025-09-04,수료,84,이서연,취업완료,현대위아,2026-04-26,2026-10-25
182,이민수,27,남,055-627-8282,li@nate.com,서울,전문대졸,IT,IT-0기(수료),2025-09-01,2026-02-27,비전공자,실업자,오프라인설명회,국비지원,2025-09-03,수료,83,김상담,취업완료,무신사,2026-05-02,2026-10-31
183,강채원,34,여,02-7236-8876,ci@dreamwiz.com,인천,대졸,IT,IT-0기(수료),2025-09-01,2026-02-27,전공자,실업자,유튜브,국비지원,2025-09-01,수료,87,정우성,취업완료,카카오엔터프라이즈,2026-03-21,2026-09-19
184,최주원,58,남,044-404-3842,xcoe@dreamwiz.com,경기,대졸,IT,IT-0기(수료),2025-09-01,2026-02-27,비전공자,실업자,네이버검색,국비지원,2025-09-01,수료,84,정우성,취업완료,LG CNS,2026-04-07,2026-10-06
185,김민석,53,남,010-5807-8361,jaehoeom@dreamwiz.com,인천,고졸,IT,IT-0기(수료),2025-09-01,2026-02-27,비전공자,실업자,유튜브,국비지원,2025-09-03,수료,96,박준호,취업완료,안랩,2026-06-11,2026-12-10
186,문미경,27,여,033-339-5962,eunseosong@gmail.com,경기,대졸,IT,IT-0기(수료),2025-09-01,2026-02-27,비전공자,실업자,HRD-Net,국비지원,2025-09-03,수료,93,정우성,취업완료,무신사,2026-05-08,2026-11-06
187,박예준,42,남,042-544-9481,hyeonsugan@gmail.com,인천,대학중퇴,IT,IT-0기(수료),2025-09-01,2026-02-27,전공자,실업자,네이버검색,국비지원,2025-09-03,수료,81,김상담,취업완료,카카오엔터프라이즈,2026-05-05,2026-11-03
188,문민수,35,남,041-325-3672,sujin67@daum.net,서울,대학중퇴,IT,IT-0기(수료),2025-09-01,2026-02-27,비전공자,실업자,HRD-Net,국비지원,2025-09-05,수료,86,김상담,구직중,,,
189,양미숙,27,여,064-745-7759,munjeonghyi@daum.net,인천,대졸,IT,IT-0기(수료),2025-09-01,2026-02-27,비전공자,실업자,지인추천,국비지원,2025-09-06,수료,88,박준호,구직중,,,
190,박정숙,33,여,054-186-3637,jeongsig45@hotmail.com,서울,대학중퇴,IT,IT-0기(수료),2025-09-01,2026-02-27,비전공자,실업자,인스타그램,국비지원,2025-09-06,수료,98,정우성,취업완료,삼정회계법인,2026-04-04,2026-10-03
191,박순자,55,여,018-001-7012,bbag@hanmail.net,인천,대학원졸,IT,IT-0기(수료),2025-09-01,2026-02-27,비전공자,실업자,HRD-Net,국비지원,2025-09-02,수료,100,최민지,취업완료,현대위아,2026-05-20,2026-11-18
192,백춘자,37,여,052-241-5415,minseoggang@hanmail.net,경남,대학원졸,IT,IT-0기(수료),2025-09-01,2026-02-27,비전공자,재직자,HRD-Net,국비지원,2025-09-03,수료,81,김상담,취업완료,무신사,2026-05-10,2026-11-08
193,김미숙,34,여,043-712-9387,gimjeongho@daum.net,경기,대졸,IT,IT-0기(수료),2025-09-01,2026-02-27,비전공자,재직자,유튜브,국비지원,2025-09-06,수료,95,김상담,취업완료,우아한형제들,2026-03-10,2026-09-08
194,이민수,29,남,032-361-1155,seongmin22@daum.net,서울,대학중퇴,IT,IT-0기(수료),2025-09-01,2026-02-27,비전공자,실업자,HRD-Net,자비,2025-09-04,수료,83,김상담,취업완료,야놀자,2026-06-09,2026-12-08
195,김재호,22,남,062-532-6973,baeseongmin@daum.net,경기,대졸,IT,IT-0기(수료),2025-09-01,2026-02-27,비전공자,실업자,오프라인설명회,국비지원,2025-09-05,수료,82,김상담,취업완료,이촌회계법인,2026-04-12,2026-10-11
196,이진호,25,남,053-234-1389,eunseo04@hanmail.net,서울,대학중퇴,IT,IT-0기(수료),2025-09-01,2026-02-27,비전공자,실업자,네이버검색,자비,2025-09-04,수료,83,정우성,취업완료,네이버클라우드,2026-05-29,2026-11-27
197,박정호,21,남,052-037-6137,baghyeonju@nate.com,경북,대졸,IT,IT-0기(수료),2025-09-01,2026-02-27,비전공자,실업자,지인추천,국비지원,2025-09-06,수료,85,박준호,구직중,,,
198,김준호,38,남,011-658-2710,gimyeongsu@gmail.com,서울,대학중퇴,IT,IT-0기(수료),2025-09-01,2026-02-27,비전공자,실업자,HRD-Net,국비지원,2025-09-05,수료,84,김상담,취업완료,현대위아,2026-03-18,2026-09-16
199,이수빈,39,여,019-866-6188,yejuni@hanmail.net,경남,대졸,IT,IT-0기(수료),2025-09-01,2026-02-27,비전공자,재직자,인스타그램,국비지원,2025-09-04,수료,94,최민지,취업완료,카카오엔터프라이즈,2026-04-21,2026-10-20
200,김성진,39,남,011-146-3031,ngim@gmail.com,서울,전문대졸,IT,IT-0기(수료),2025-09-01,2026-02-27,전공자,실업자,네이버검색,국비지원,2025-09-04,수료,100,이서연,취업완료,안랩,2026-06-01,2026-11-30
201,서지아,28,여,033-020-2758,seongho24@daum.net,서울,고졸,IT,IT-0기(수료),2025-09-01,2026-02-27,비전공자,실업자,지인추천,국비지원,2025-09-01,수료,83,김상담,취업완료,LG CNS,2026-05-04,2026-11-02
202,김준서,29,남,051-814-9177,minseog92@nate.com,경기,대졸,IT,IT-0기(수료),2025-09-01,2026-02-27,비전공자,실업자,지인추천,자비,2025-09-01,수료,87,정우성,취업완료,삼정회계법인,2026-06-27,2026-12-26
203,황지후,22,남,018-138-0003,bagjunyeong@hotmail.com,서울,전문대졸,IT,IT-0기(수료),2025-09-01,2026-02-27,비전공자,실업자,HRD-Net,국비지원,2025-09-02,수료,87,최민지,취업완료,LG CNS,2026-04-12,2026-10-11
204,성경수,52,남,019-635-3654,coesanghun@gmail.com,울산,전문대졸,IT,IT-0기(수료),2025-09-01,2026-02-27,비전공자,실업자,HRD-Net,자비,2025-09-02,수료,99,이서연,취업완료,현대위아,2026-04-20,2026-10-19
205,송현지,50,여,055-174-4518,mgim@naver.com,서울,대졸,IT,IT-0기(수료),2025-09-01,2026-02-27,비전공자,실업자,지인추천,국비지원,2025-09-06,수료,92,박준호,취업완료,삼정회계법인,2026-03-31,2026-09-29
206,이은정,37,여,062-597-3832,namgwangsu@nate.com,서울,대졸,IT,IT-0기(수료),2025-09-01,2026-02-27,비전공자,실업자,인스타그램,자비,2025-09-05,수료,82,최민지,취업완료,무신사,2026-04-01,2026-09-30
207,한경숙,32,여,053-064-1383,dbag@hotmail.com,서울,대학원졸,IT,IT-0기(수료),2025-09-01,2026-02-27,비전공자,재직자,네이버검색,국비지원,2025-09-03,수료,93,정우성,취업완료,우아한형제들,2026-06-08,2026-12-07
208,김지훈,59,남,064-765-7191,sunogi@gmail.com,부산,고졸,IT,IT-0기(수료),2025-09-01,2026-02-27,비전공자,실업자,유튜브,국비지원,2025-09-03,수료,100,정우성,구직중,,,
209,차상호,30,남,051-565-5743,noseongmin@daum.net,경남,대졸,IT,IT-0기(수료),2025-09-01,2026-02-27,전공자,실업자,네이버검색,국비지원,2025-09-06,수료,96,정우성,구직중,,,
210,김영수,31,남,061-185-3747,jimin12@naver.com,경남,대졸,IT,IT-0기(수료),2025-09-01,2026-02-27,비전공자,실업자,HRD-Net,국비지원,2025-09-04,수료,84,박준호,취업완료,안랩,2026-06-05,2026-12-04
211,한경희,34,여,053-213-5680,yeongho20@live.com,경기,전문대졸,IT,IT-0기(수료),2025-09-01,2026-02-27,비전공자,실업자,인스타그램,자비,2025-09-02,수료,100,김상담,취업완료,이촌회계법인,2026-05-08,2026-11-06
212,최영철,37,남,033-712-1003,seunghyeoni@daum.net,경기,대졸,IT,IT-0기(수료),2025-09-01,2026-02-27,비전공자,실업자,유튜브,국비지원,2025-09-06,수료,93,최민지,취업완료,토스,2026-05-18,2026-11-16
213,김준서,26,남,02-1372-1510,kgim@live.com,서울,대졸,IT,IT-0기(수료),2025-09-01,2026-02-27,비전공자,실업자,인스타그램,국비지원,2025-09-02,수료,97,이서연,취업완료,두산에너빌리티,2026-04-27,2026-10-26
214,이경자,50,여,018-625-3244,cyang@hanmail.net,인천,대졸,IT,IT-0기(수료),2025-09-01,2026-02-27,비전공자,실업자,네이버검색,자비,2025-09-04,수료,99,이서연,취업완료,CJ ENM,2026-05-15,2026-11-13
215,박춘자,29,여,063-014-6263,sugjasong@gmail.com,서울,대졸,IT,IT-0기(수료),2025-09-01,2026-02-27,전공자,실업자,네이버검색,국비지원,2025-09-05,수료,98,최민지,취업완료,우아한형제들,2026-04-18,2026-10-17
216,황아름,29,여,010-7598-5642,iyeongsu@naver.com,서울,전문대졸,IT,IT-0기(수료),2025-09-01,2026-02-27,비전공자,재직자,인스타그램,국비지원,2025-09-06,수료,80,최민지,취업완료,토스,2026-05-19,2026-11-17
217,진영진,35,남,011-321-3348,gweonhayun@live.com,경기,대졸,IT,IT-0기(수료),2025-09-01,2026-02-27,비전공자,재직자,지인추천,국비지원,2025-09-04,수료,98,김상담,구직중,,,
218,홍준혁,38,남,042-395-5905,seoyeongim@dreamwiz.com,대전,대졸,IT,IT-0기(수료),2025-09-01,2026-02-27,비전공자,실업자,인스타그램,국비지원,2025-09-03,수료,97,박준호,취업완료,LG CNS,2026-03-30,2026-09-28
219,김광수,27,남,031-393-0870,jihye32@nate.com,서울,대학원졸,IT,IT-0기(수료),2025-09-01,2026-02-27,비전공자,실업자,네이버검색,자비,2025-09-04,수료,94,김상담,취업완료,두산에너빌리티,2026-03-22,2026-09-20
220,허준혁,33,남,053-002-9218,hyeonsug56@daum.net,서울,고졸,IT,IT-0기(수료),2025-09-01,2026-02-27,비전공자,실업자,인스타그램,국비지원,2025-09-06,수료,91,정우성,취업완료,이촌회계법인,2026-06-27,2026-12-26
221,이현지,36,여,070-6752-8953,junseoseo@naver.com,경남,대졸,IT,IT-0기(수료),2025-09-01,2026-02-27,전공자,실업자,오프라인설명회,자비,2025-09-02,수료,81,박준호,취업완료,LG CNS,2026-04-15,2026-10-14
222,서진호,32,남,011-690-2959,sunoggim@dreamwiz.com,경기,대졸,IT,IT-0기(수료),2025-09-01,2026-02-27,비전공자,실업자,네이버검색,국비지원,2025-09-02,수료,100,김상담,취업완료,삼정회계법인,2026-06-23,2026-12-22
223,신서현,54,여,053-215-7043,yeongjai@daum.net,경남,전문대졸,IT,IT-0기(수료),2025-09-01,2026-02-27,전공자,실업자,HRD-Net,국비지원,2025-09-03,수료,94,박준호,구직중,,,
224,김시우,28,남,061-267-6586,ryueunyeong@hanmail.net,경기,전문대졸,IT,IT-0기(수료),2025-09-01,2026-02-27,비전공자,실업자,인스타그램,자비,2025-09-04,수료,90,김상담,취업완료,두산에너빌리티,2026-06-22,2026-12-21
225,김준혁,33,남,052-054-1152,egim@daum.net,서울,대졸,IT,IT-0기(수료),2025-09-01,2026-02-27,전공자,재직자,유튜브,국비지원,2025-09-04,수료,88,김상담,취업완료,토스,2026-05-04,2026-11-02
226,민하윤,21,여,019-062-9620,ihyeonjeong@live.com,경기,전문대졸,IT,IT-0기(수료),2025-09-01,2026-02-27,비전공자,실업자,네이버검색,국비지원,2025-09-03,수료,83,김상담,구직중,,,
227,오정웅,20,남,051-443-1069,xgim@gmail.com,대구,대학중퇴,IT,IT-0기(수료),2025-09-01,2026-02-27,비전공자,실업자,지인추천,국비지원,2025-09-02,수료,82,이서연,취업완료,야놀자,2026-06-04,2026-12-03
228,이정숙,24,여,016-731-0324,bagsangho@live.com,부산,대졸,IT,IT-0기(수료),2025-09-01,2026-02-27,전공자,재직자,지인추천,국비지원,2025-09-01,수료,85,최민지,취업완료,이촌회계법인,2026-04-16,2026-10-15
229,손수민,59,여,017-862-5652,cgim@dreamwiz.com,대구,대학중퇴,IT,IT-0기(수료),2025-09-01,2026-02-27,전공자,실업자,인스타그램,자비,2025-09-06,수료,98,최민지,구직중,,,
230,홍윤서,31,여,041-115-8693,hongjeongsug@live.com,서울,대졸,회계,회계-0기(수료),2025-09-15,2026-01-16,비전공자,실업자,네이버검색,자비,2025-09-17,수료,80,박준호,구직중,,,
231,임진우,43,남,011-374-1608,sanghungweon@hotmail.com,경기,고졸,회계,회계-0기(수료),2025-09-15,2026-01-16,비전공자,실업자,지인추천,국비지원,2025-09-19,수료,80,박준호,취업완료,현대위아,2026-03-04,2026-09-02
232,김서영,37,여,043-206-1632,jeongsu11@live.com,경남,대졸,회계,회계-0기(수료),2025-09-15,2026-01-16,전공자,재직자,인스타그램,국비지원,2025-09-19,수료,81,김상담,취업완료,무신사,2026-04-23,2026-10-22
233,최지혜,46,여,064-770-9986,iseongsu@daum.net,대구,고졸,회계,회계-0기(수료),2025-09-15,2026-01-16,비전공자,실업자,유튜브,국비지원,2025-09-20,수료,89,김상담,구직중,,,
234,최동현,41,남,052-856-4679,rgim@live.com,경기,대졸,회계,회계-0기(수료),2025-09-15,2026-01-16,비전공자,실업자,네이버검색,국비지원,2025-09-16,수료,93,김상담,취업완료,현대위아,2026-04-11,2026-10-10
235,조정자,32,여,031-653-0745,ieunjeong@naver.com,대구,전문대졸,회계,회계-0기(수료),2025-09-15,2026-01-16,비전공자,실업자,지인추천,자비,2025-09-15,수료,88,이서연,취업완료,토스,2026-02-10,2026-08-11
236,박정자,30,여,033-324-7546,gimyeonggil@live.com,경기,대졸,회계,회계-0기(수료),2025-09-15,2026-01-16,비전공자,재직자,네이버검색,자비,2025-09-17,수료,100,김상담,구직중,,,
237,권채원,34,여,031-821-4862,gimjiyeon@hanmail.net,광주,대학중퇴,회계,회계-0기(수료),2025-09-15,2026-01-16,비전공자,실업자,인스타그램,국비지원,2025-09-17,수료,80,김상담,취업완료,안랩,2026-02-16,2026-08-17
238,김영길,50,남,054-345-7861,gimmyeongsug@dreamwiz.com,인천,대학중퇴,회계,회계-0기(수료),2025-09-15,2026-01-16,비전공자,재직자,네이버검색,국비지원,2025-09-18,수료,93,박준호,취업완료,우아한형제들,2026-02-17,2026-08-18
239,문은서,52,여,054-524-1406,gimseoyeong@hanmail.net,서울,대졸,회계,회계-0기(수료),2025-09-15,2026-01-16,전공자,실업자,네이버검색,자비,2025-09-19,수료,89,박준호,취업완료,야놀자,2026-04-22,2026-10-21
240,윤정순,44,여,051-680-0722,gimsumin@naver.com,대전,전문대졸,회계,회계-0기(수료),2025-09-15,2026-01-16,비전공자,재직자,오프라인설명회,자비,2025-09-18,수료,86,정우성,취업완료,당근마켓,2026-03-04,2026-09-02
241,오서준,40,남,055-574-3748,acoe@nate.com,경남,고졸,회계,회계-0기(수료),2025-09-15,2026-01-16,비전공자,재직자,HRD-Net,국비지원,2025-09-18,수료,83,이서연,취업완료,무신사,2026-03-11,2026-09-09
242,최서준,34,남,018-171-5454,areum43@hotmail.com,서울,대학원졸,회계,회계-0기(수료),2025-09-15,2026-01-16,비전공자,실업자,지인추천,국비지원,2025-09-15,수료,91,최민지,구직중,,,
243,김도윤,40,남,016-652-0744,vi@gmail.com,경기,대학원졸,회계,회계-0기(수료),2025-09-15,2026-01-16,비전공자,실업자,네이버검색,국비지원,2025-09-19,수료,92,박준호,취업완료,현대위아,2026-02-04,2026-08-05
244,지지은,49,여,053-387-5842,jaehyeonbag@naver.com,서울,고졸,회계,회계-0기(수료),2025-09-15,2026-01-16,비전공자,실업자,네이버검색,국비지원,2025-09-16,수료,91,이서연,취업완료,당근마켓,2026-02-12,2026-08-13
245,최하은,34,여,018-513-5346,juweon94@dreamwiz.com,강원,대졸,회계,회계-0기(수료),2025-09-15,2026-01-16,전공자,재직자,HRD-Net,국비지원,2025-09-17,수료,82,이서연,구직중,,,
246,박채원,32,여,011-991-7381,abag@gmail.com,서울,대졸,회계,회계-0기(수료),2025-09-15,2026-01-16,비전공자,재직자,유튜브,국비지원,2025-09-15,수료,94,김상담,구직중,,,
247,김현준,52,남,053-697-2521,li@nate.com,서울,대졸,회계,회계-0기(수료),2025-09-15,2026-01-16,비전공자,재직자,오프라인설명회,국비지원,2025-09-15,수료,98,박준호,구직중,,,
248,김서준,30,남,042-927-1296,ei@live.com,서울,대학원졸,기계,기계-0기(수료),2025-09-01,2026-02-27,전공자,재직자,HRD-Net,국비지원,2025-09-01,수료,92,최민지,취업완료,디자인하우스,2026-06-20,2026-12-19
249,박정웅,34,남,02-5830-0335,seojun68@naver.com,전북,고졸,기계,기계-0기(수료),2025-09-01,2026-02-27,비전공자,실업자,네이버검색,국비지원,2025-09-04,수료,93,정우성,취업완료,당근마켓,2026-04-01,2026-09-30
250,류수진,36,여,052-789-8562,hyejin75@hanmail.net,서울,대학원졸,기계,기계-0기(수료),2025-09-01,2026-02-27,비전공자,재직자,인스타그램,국비지원,2025-09-03,수료,91,최민지,취업완료,두산에너빌리티,2026-04-03,2026-10-02
251,백지원,30,여,02-3323-0982,isunja@gmail.com,인천,고졸,기계,기계-0기(수료),2025-09-01,2026-02-27,비전공자,실업자,네이버검색,자비,2025-09-05,수료,95,정우성,취업완료,현대위아,2026-04-12,2026-10-11
252,윤지영,27,여,016-090-1001,hbag@naver.com,서울,대학중퇴,기계,기계-0기(수료),2025-09-01,2026-02-27,비전공자,실업자,인스타그램,자비,2025-09-02,수료,87,정우성,구직중,,,
253,김정자,51,여,017-046-1849,jihubae@daum.net,전남,고졸,기계,기계-0기(수료),2025-09-01,2026-02-27,비전공자,실업자,오프라인설명회,국비지원,2025-09-02,수료,98,이서연,취업완료,안랩,2026-04-18,2026-10-17
254,안예진,27,여,016-348-3564,dohyeonbag@hanmail.net,서울,대졸,기계,기계-0기(수료),2025-09-01,2026-02-27,비전공자,실업자,유튜브,자비,2025-09-02,수료,90,이서연,취업완료,카카오엔터프라이즈,2026-03-16,2026-09-14
255,박서현,27,여,02-1197-2181,baesunog@dreamwiz.com,충북,대학중퇴,그래픽·멀티미디어,그래픽멀티-0기(수료),2025-08-01,2026-01-30,비전공자,재직자,네이버검색,자비,2025-08-02,수료,92,정우성,취업완료,우아한형제들,2026-05-19,2026-11-17
256,이영길,47,남,033-204-5561,gojiu@gmail.com,울산,대학원졸,그래픽·멀티미디어,그래픽멀티-0기(수료),2025-08-01,2026-01-30,비전공자,실업자,인스타그램,자비,2025-08-03,수료,99,박준호,취업완료,토스,2026-05-13,2026-11-11
257,장민준,31,남,054-794-1552,ihyeonsug@naver.com,대전,대학원졸,그래픽·멀티미디어,그래픽멀티-0기(수료),2025-08-01,2026-01-30,비전공자,실업자,네이버검색,자비,2025-08-02,수료,98,김상담,취업완료,LG CNS,2026-02-25,2026-08-26
258,한영수,51,남,061-212-0216,rsong@dreamwiz.com,서울,대졸,그래픽·멀티미디어,그래픽멀티-0기(수료),2025-08-01,2026-01-30,비전공자,실업자,오프라인설명회,국비지원,2025-08-05,수료,82,박준호,취업완료,안랩,2026-02-22,2026-08-23
259,이아름,36,여,02-2771-6701,areum08@hanmail.net,광주,대졸,그래픽·멀티미디어,그래픽멀티-0기(수료),2025-08-01,2026-01-30,전공자,재직자,지인추천,국비지원,2025-08-02,수료,85,최민지,취업완료,카카오엔터프라이즈,2026-03-25,2026-09-23
260,장순옥,50,여,064-791-6375,jgim@gmail.com,광주,대졸,그래픽·멀티미디어,그래픽멀티-0기(수료),2025-08-01,2026-01-30,비전공자,실업자,네이버검색,국비지원,2025-08-03,수료,81,박준호,취업완료,라인플러스,2026-05-26,2026-11-24
261,심영일,30,남,063-721-7535,minseog38@live.com,대전,대졸,그래픽·멀티미디어,그래픽멀티-0기(수료),2025-08-01,2026-01-30,비전공자,실업자,인스타그램,국비지원,2025-08-01,수료,99,최민지,취업완료,토스,2026-03-29,2026-09-27
262,김영길,23,남,011-717-7517,gimjungsu@gmail.com,서울,전문대졸,그래픽·멀티미디어,그래픽멀티-0기(수료),2025-08-01,2026-01-30,비전공자,실업자,유튜브,국비지원,2025-08-06,수료,97,박준호,취업완료,두산에너빌리티,2026-03-01,2026-08-30
263,안현주,51,여,017-488-3755,ryujeonghyi@nate.com,서울,대졸,그래픽·멀티미디어,그래픽멀티-0기(수료),2025-08-01,2026-01-30,비전공자,실업자,네이버검색,국비지원,2025-08-01,수료,99,최민지,취업완료,안랩,2026-04-20,2026-10-19
264,강영수,50,남,018-571-1305,jeongsun48@nate.com,충북,전문대졸,그래픽·멀티미디어,그래픽멀티-0기(수료),2025-08-01,2026-01-30,비전공자,재직자,지인추천,국비지원,2025-08-02,수료,82,정우성,취업완료,LG CNS,2026-02-19,2026-08-20
265,김민지,36,여,041-614-9331,ygim@hanmail.net,경기,전문대졸,그래픽·멀티미디어,그래픽멀티-0기(수료),2025-08-01,2026-01-30,비전공자,재직자,지인추천,국비지원,2025-08-04,수료,83,김상담,취업완료,디자인하우스,2026-02-14,2026-08-15
266,김영순,57,여,017-917-7982,vgim@gmail.com,서울,고졸,그래픽·멀티미디어,그래픽멀티-0기(수료),2025-08-01,2026-01-30,비전공자,실업자,지인추천,자비,2025-08-04,수료,95,정우성,구직중,,,
267,이영환,56,남,064-729-2216,myeongja66@hanmail.net,전남,대학중퇴,그래픽·멀티미디어,그래픽멀티-0기(수료),2025-08-01,2026-01-30,비전공자,실업자,유튜브,국비지원,2025-08-01,수료,94,이서연,취업완료,네이버클라우드,2026-04-14,2026-10-13
268,차현우,47,남,062-226-9848,yeeun83@hanmail.net,서울,대학중퇴,그래픽·멀티미디어,그래픽멀티-0기(수료),2025-08-01,2026-01-30,전공자,실업자,지인추천,국비지원,2025-08-02,수료,82,김상담,취업완료,두산에너빌리티,2026-02-19,2026-08-20
269,오정순,49,여,018-228-8515,qcoe@live.com,전남,고졸,그래픽·멀티미디어,그래픽멀티-0기(수료),2025-08-01,2026-01-30,비전공자,실업자,지인추천,자비,2025-08-05,수료,83,최민지,취업완료,SK C&C,2026-04-16,2026-10-15
270,손영진,56,남,061-081-0620,gimogja@hotmail.com,광주,대졸,그래픽·멀티미디어,그래픽멀티-0기(수료),2025-08-01,2026-01-30,비전공자,재직자,HRD-Net,자비,2025-08-05,수료,88,최민지,취업완료,라인플러스,2026-02-22,2026-08-23
271,장민서,29,여,031-438-0571,ogsuncoe@hanmail.net,부산,대졸,그래픽·멀티미디어,그래픽멀티-0기(수료),2025-08-01,2026-01-30,비전공자,실업자,네이버검색,자비,2025-08-04,수료,87,김상담,취업완료,SK C&C,2026-04-01,2026-09-30
272,안정자,37,여,019-066-6580,seosiu@dreamwiz.com,충북,대학중퇴,그래픽·멀티미디어,그래픽멀티-0기(수료),2025-08-01,2026-01-30,비전공자,실업자,오프라인설명회,국비지원,2025-08-03,수료,89,최민지,취업완료,LG CNS,2026-03-20,2026-09-18
273,백정자,25,여,017-598-9334,rgim@daum.net,서울,전문대졸,그래픽·멀티미디어,그래픽멀티-0기(수료),2025-08-01,2026-01-30,비전공자,실업자,유튜브,자비,2025-08-04,수료,91,김상담,구직중,,,
274,김영일,53,남,055-064-8422,geonu72@gmail.com,충남,고졸,그래픽·멀티미디어,그래픽멀티-0기(수료),2025-08-01,2026-01-30,비전공자,재직자,HRD-Net,자비,2025-08-06,수료,87,김상담,취업완료,우아한형제들,2026-05-19,2026-11-17
275,이명숙,37,여,017-947-9851,miyeong28@daum.net,경기,대졸,그래픽·멀티미디어,그래픽멀티-0기(수료),2025-08-01,2026-01-30,비전공자,재직자,HRD-Net,국비지원,2025-08-03,수료,87,박준호,구직중,,,
276,김유진,50,여,055-153-3555,yeongsu98@dreamwiz.com,인천,전문대졸,그래픽·멀티미디어,그래픽멀티-0기(수료),2025-08-01,2026-01-30,비전공자,실업자,HRD-Net,국비지원,2025-08-02,수료,82,박준호,구직중,,,
277,류현우,33,남,02-1573-9930,junyeong16@naver.com,충남,대졸,그래픽·멀티미디어,그래픽멀티-0기(수료),2025-08-01,2026-01-30,비전공자,실업자,네이버검색,국비지원,2025-08-02,수료,80,김상담,구직중,,,
278,이하은,36,여,054-887-7043,misug12@gmail.com,부산,대학원졸,그래픽·멀티미디어,그래픽멀티-0기(수료),2025-08-01,2026-01-30,비전공자,실업자,유튜브,국비지원,2025-08-06,수료,92,박준호,취업완료,(주)테크노드,2026-03-09,2026-09-07
279,김은정,59,여,043-613-8612,bagjeongung@daum.net,경기,고졸,그래픽·멀티미디어,그래픽멀티-0기(수료),2025-08-01,2026-01-30,비전공자,실업자,유튜브,자비,2025-08-04,수료,91,정우성,취업완료,야놀자,2026-05-25,2026-11-23
